electrode,amplitude
C3,5.181491096578334
C4,5.247270264452659
F3,5.026329129980379
F4,5.025834603574964
O1,5.173384742399017
O2,5.282624108534101
P3,5.063912379455735
P4,5.09059097320587
