electrode,amplitude
C3,4.854897635355577
C4,5.062274774827913
F3,4.6787060147825885
F4,4.776600826670512
O1,4.999237339435161
O2,5.126124295739549
P3,4.731394260850944
P4,4.867534030609107
