electrode,amplitude
C3,5.022936210953618
C4,5.184117557140297
F3,4.935825825025067
F4,4.993035847470768
O1,5.045546129730775
O2,5.123097053893421
P3,4.955113244387806
P4,5.091673658884957
