electrode,amplitude
C3,5.158322083575126
C4,5.301479189357692
F3,5.066074140223248
F4,5.153372853945891
O1,5.083002348194565
O2,5.109104797575537
P3,4.946124333453213
P4,5.150523331776488
